{"num_layers": 3, "sizes": [5, 4, 3], "biases": [[[1.82694273385411], [-2.651186380964909], [-0.9939655839955684], [0.13471028863417994]], [[0.7850951836489781], [-1.1721765534361988], [0.3678506551412099]]], "weights": [[[0.5888240641805711, 0.7815835472381877, 0.4998491676846139, 0.5939443845324212, 1.6747780913230446], [-0.23269123282633108, 1.210841533519795, 0.5492466125866281, 0.3513667648801481, -0.33243357294375625], [0.9042712935786433, 0.7560908637231281, -1.116728297378083, 0.39338673001326907, -0.17591782303460596], [0.078139864559339, 0.8837988927396757, -1.0787495844418082, 0.9340090263646349, 0.570521888819479]], [[-0.8774606944254917, 0.5301432495736179, 0.4266721312601692, -3.116946367954729], [1.1747550568511946, 2.6814189768576497, -1.8882776437057267, -0.14335292388485987], [-1.5566957297836976, 2.034777679218885, -0.10872052694757142, 0.7953210069541513]]]}